pumpkins,cost per piece
1,57.97229226
2,28.98614613
3,19.32409742
4,14.49307307
5,11.59445845
6,9.662048711
7,8.281756038
8,7.246536533
9,6.441365807
10,5.797229226
11,5.270208388
12,4.831024355
13,4.459407097
14,4.140878019
15,3.864819484
16,3.623268267
17,3.410134839
18,3.220682904
19,3.051173277
20,2.898614613
21,2.760585346
22,2.635104194
23,2.520534446
24,2.415512178
25,2.318891691
